gbifID	datasetKey	occurrenceID	kingdom	phylum	class	order	family	genus	species	infraspecificEpithet	taxonRank	scientificName	verbatimScientificName	verbatimScientificNameAuthorship	countryCode	locality	stateProvince	occurrenceStatus	individualCount	publishingOrgKey	decimalLatitude	decimalLongitude	coordinateUncertaintyInMeters	coordinatePrecision	elevation	elevationAccuracy	depth	depthAccuracy	eventDate	day	month	year	taxonKey	speciesKey	basisOfRecord	institutionCode	collectionCode	catalogNumber	recordNumber	identifiedBy	dateIdentified	license	rightsHolder	recordedBy	typeStatus	establishmentMeans	lastInterpreted	mediaType	issue
4091558919	50c9509d-22c7-4a22-a47d-8c48425ef4a7	https://www.inaturalist.org/observations/154700125	Plantae	Tracheophyta	Magnoliopsida	Lamiales	Lentibulariaceae	Utricularia	Utricularia jamesoniana		SPECIES	Utricularia jamesoniana Oliv.	Utricularia jamesoniana		CO		Huila	PRESENT		28eb1a3f-1c15-4a95-931a-4af90ecb574d	1.723928	-76.22422	4.0						2023-04-12T12:06:22	12	4	2023	4088199	4088199	HUMAN_OBSERVATION	iNaturalist	Observations	154700125		Nelson Fabian Galindez Mutiz	2023-04-13T14:30:50	CC_BY_NC_4_0	Nelson Fabian Galindez Mutiz	Nelson Fabian Galindez Mutiz			2023-05-10T00:56:32.213Z	StillImage	COORDINATE_ROUNDED;CONTINENT_DERIVED_FROM_COORDINATES
4076300356	50c9509d-22c7-4a22-a47d-8c48425ef4a7	https://www.inaturalist.org/observations/152190048	Plantae	Tracheophyta	Magnoliopsida	Lamiales	Lentibulariaceae	Utricularia	Utricularia jamesoniana		SPECIES	Utricularia jamesoniana Oliv.	Utricularia jamesoniana		CO		Huila	PRESENT		28eb1a3f-1c15-4a95-931a-4af90ecb574d	1.662965	-76.11044	66.0						2022-05-06T13:39:00	6	5	2022	4088199	4088199	HUMAN_OBSERVATION	iNaturalist	Observations	152190048		Jorge L. Peña	2023-03-26T04:22:31	CC_BY_NC_4_0	Juan A. Medina-Gallo	Juan A. Medina-Gallo			2023-05-10T00:57:06.065Z		COORDINATE_ROUNDED;CONTINENT_DERIVED_FROM_COORDINATES
4076264833	50c9509d-22c7-4a22-a47d-8c48425ef4a7	https://www.inaturalist.org/observations/148481548	Plantae	Tracheophyta	Magnoliopsida	Lamiales	Lentibulariaceae	Utricularia	Utricularia jamesoniana		SPECIES	Utricularia jamesoniana Oliv.	Utricularia jamesoniana		CO		Risaralda	PRESENT		28eb1a3f-1c15-4a95-931a-4af90ecb574d	5.243187	-76.096292							2023-01-26T14:24:00	26	1	2023	4088199	4088199	HUMAN_OBSERVATION	iNaturalist	Observations	148481548		Leif G. Boman	2023-02-11T00:11:03	CC0_1_0	Guy Babineau	Guy Babineau			2023-05-10T00:55:18.354Z	StillImage	COORDINATE_ROUNDED;CONTINENT_DERIVED_FROM_COORDINATES
4075978345	50c9509d-22c7-4a22-a47d-8c48425ef4a7	https://www.inaturalist.org/observations/152184739	Plantae	Tracheophyta	Magnoliopsida	Lamiales	Lentibulariaceae	Utricularia	Utricularia jamesoniana		SPECIES	Utricularia jamesoniana Oliv.	Utricularia jamesoniana		CO		Huila	PRESENT		28eb1a3f-1c15-4a95-931a-4af90ecb574d	1.663462	-76.113272	333.0						2021-11-03T12:10:00	3	11	2021	4088199	4088199	HUMAN_OBSERVATION	iNaturalist	Observations	152184739		Leif G. Boman	2023-03-25T15:53:43	CC_BY_NC_4_0	Juan A. Medina-Gallo	Juan A. Medina-Gallo			2023-05-10T00:41:21.479Z		COORDINATE_ROUNDED;CONTINENT_DERIVED_FROM_COORDINATES
4075704935	50c9509d-22c7-4a22-a47d-8c48425ef4a7	https://www.inaturalist.org/observations/150984804	Plantae	Tracheophyta	Magnoliopsida	Lamiales	Lentibulariaceae	Utricularia	Utricularia jamesoniana		SPECIES	Utricularia jamesoniana Oliv.	Utricularia jamesoniana		CO		Putumayo	PRESENT		28eb1a3f-1c15-4a95-931a-4af90ecb574d	1.104615	-76.615477	200.0						2021-10-22T10:18:00	22	10	2021	4088199	4088199	HUMAN_OBSERVATION	iNaturalist	Observations	150984804		desertnaturalist	2023-03-12T23:37:46	CC_BY_4_0	desertnaturalist	desertnaturalist			2023-05-10T00:41:36.537Z	StillImage	CONTINENT_DERIVED_FROM_COORDINATES
4061938151	e053ff53-c156-4e2e-b9b5-4462e9625424	urn:catalog:MO:Tropicos:101937128	Plantae	Tracheophyta	Magnoliopsida	Lamiales	Lentibulariaceae	Utricularia	Utricularia jamesoniana		SPECIES	Utricularia jamesoniana Oliv.	Utricularia jamesoniana Oliv.	Oliv.	CO	Corregimiento Alto de Samaná, vereda Miraflores, dentro del bosque.	Antioquia	PRESENT	1	90fd6680-349f-11d8-aa2d-b8a03c50a862	6.12916	-74.8325			860.0	40.0			1989-06-14T00:00:00	14	6	1989	4088199	4088199	PRESERVED_SPECIMEN	HUA	Tropicos	101937128	Fonnegra G. 3026	P.C. Balleiro	2013-01-01T00:00:00	CC_BY_4_0	Missouri Botanical Garden	Ramiro Fonnegra G.;Francisco J. Roldán			2023-05-08T19:04:59.619Z		GEODETIC_DATUM_ASSUMED_WGS84;OCCURRENCE_STATUS_INFERRED_FROM_INDIVIDUAL_COUNT;DIFFERENT_OWNER_INSTITUTION
4061299019	e053ff53-c156-4e2e-b9b5-4462e9625424	urn:catalog:MO:Tropicos:101731725	Plantae	Tracheophyta	Magnoliopsida	Lamiales	Lentibulariaceae	Utricularia	Utricularia jamesoniana		SPECIES	Utricularia jamesoniana Oliv.	Utricularia jamesoniana Oliv.	Oliv.	CO	Finca Zíngara, Cordillera Occidental, vertiente oriental, a 6 km al N de km 18 (carretera Cali-Buenaventura) por carreta a Dapa, bosque nublado.	Valle del Cauca	PRESENT		90fd6680-349f-11d8-aa2d-b8a03c50a862	3.5	-76.56666			2100.0				1995-05-05T00:00:00	5	5	1995	4088199	4088199	PRESERVED_SPECIMEN	CUVC	Tropicos	101731725	Silverstone-Sopkin 7557	P. Silverstone (CUVC)	1995-01-01T00:00:00	CC_BY_4_0	Missouri Botanical Garden	Philip A. Silverstone-Sopkin;Néstor Paz Z.;et al.			2023-05-08T19:05:03.429Z		GEODETIC_DATUM_ASSUMED_WGS84;DIFFERENT_OWNER_INSTITUTION
4055022371	50c9509d-22c7-4a22-a47d-8c48425ef4a7	https://www.inaturalist.org/observations/74188090	Plantae	Tracheophyta	Magnoliopsida	Lamiales	Lentibulariaceae	Utricularia	Utricularia jamesoniana		SPECIES	Utricularia jamesoniana Oliv.	Utricularia jamesoniana		CO		Cundinamarca	PRESENT		28eb1a3f-1c15-4a95-931a-4af90ecb574d	4.708469	-74.070048	2.0						2021-04-16T18:03:00	16	4	2021	4088199	4088199	HUMAN_OBSERVATION	iNaturalist	Observations	74188090		Carlos Andrés Moreno	2021-04-16T23:24:25	CC_BY_NC_4_0	Carlos Andrés Moreno	Carlos Andrés Moreno			2023-05-10T00:36:05.621Z	StillImage	COORDINATE_ROUNDED;CONTINENT_DERIVED_FROM_COORDINATES
4039252949	50c9509d-22c7-4a22-a47d-8c48425ef4a7	https://www.inaturalist.org/observations/148821611	Plantae	Tracheophyta	Magnoliopsida	Lamiales	Lentibulariaceae	Utricularia	Utricularia jamesoniana		SPECIES	Utricularia jamesoniana Oliv.	Utricularia jamesoniana		CO		Nariño	PRESENT		28eb1a3f-1c15-4a95-931a-4af90ecb574d	1.305321	-78.110823	100.0						2023-02-06T12:00:00	6	2	2023	4088199	4088199	HUMAN_OBSERVATION	iNaturalist	Observations	148821611		desertnaturalist	2023-02-15T12:30:36	CC_BY_4_0	desertnaturalist	desertnaturalist			2023-05-10T00:41:14.310Z	StillImage	CONTINENT_DERIVED_FROM_COORDINATES
4028947060	50c9509d-22c7-4a22-a47d-8c48425ef4a7	https://www.inaturalist.org/observations/147741503	Plantae	Tracheophyta	Magnoliopsida	Lamiales	Lentibulariaceae	Utricularia	Utricularia jamesoniana		SPECIES	Utricularia jamesoniana Oliv.	Utricularia jamesoniana		CO		Caldas	PRESENT		28eb1a3f-1c15-4a95-931a-4af90ecb574d	5.374648	-75.888013	100.0						2023-01-28T10:38:00	28	1	2023	4088199	4088199	HUMAN_OBSERVATION	iNaturalist	Observations	147741503		desertnaturalist	2023-01-31T03:29:07	CC_BY_4_0	desertnaturalist	desertnaturalist			2023-05-10T00:41:06.188Z	StillImage	COORDINATE_ROUNDED;CONTINENT_DERIVED_FROM_COORDINATES
4022148750	50c9509d-22c7-4a22-a47d-8c48425ef4a7	https://www.inaturalist.org/observations/147206415	Plantae	Tracheophyta	Magnoliopsida	Lamiales	Lentibulariaceae	Utricularia	Utricularia jamesoniana		SPECIES	Utricularia jamesoniana Oliv.	Utricularia jamesoniana		CO		Cauca	PRESENT		28eb1a3f-1c15-4a95-931a-4af90ecb574d	1.361253	-76.470744	15.0						2023-01-21T13:41:00	21	1	2023	4088199	4088199	HUMAN_OBSERVATION	iNaturalist	Observations	147206415		Jorge L. Peña	2023-01-23T18:03:26	CC_BY_NC_4_0	Jorge L. Peña	Jorge L. Peña			2023-05-10T00:55:01.172Z	StillImage	COORDINATE_ROUNDED;CONTINENT_DERIVED_FROM_COORDINATES
4006596567	50c9509d-22c7-4a22-a47d-8c48425ef4a7	https://www.inaturalist.org/observations/139413356	Plantae	Tracheophyta	Magnoliopsida	Lamiales	Lentibulariaceae	Utricularia	Utricularia jamesoniana		SPECIES	Utricularia jamesoniana Oliv.	Utricularia jamesoniana		CO		Risaralda	PRESENT		28eb1a3f-1c15-4a95-931a-4af90ecb574d	5.347546	-76.101715	31384.0						2022-10-19T08:54:27	19	10	2022	4088199	4088199	HUMAN_OBSERVATION	iNaturalist	Observations	139413356		Sergio Guzmán	2022-12-04T15:50:36	CC_BY_NC_4_0	Stefan	Stefan			2023-05-10T01:04:39.076Z	StillImage	COORDINATE_ROUNDED;CONTINENT_DERIVED_FROM_COORDINATES
3966505178	50c9509d-22c7-4a22-a47d-8c48425ef4a7	https://www.inaturalist.org/observations/141912674	Plantae	Tracheophyta	Magnoliopsida	Lamiales	Lentibulariaceae	Utricularia	Utricularia jamesoniana		SPECIES	Utricularia jamesoniana Oliv.	Utricularia jamesoniana		CO		Risaralda	PRESENT		28eb1a3f-1c15-4a95-931a-4af90ecb574d	5.262014	-76.048062	28.0						2022-11-07T11:35:54	7	11	2022	4088199	4088199	HUMAN_OBSERVATION	iNaturalist	Observations	141912674		Leif G. Boman	2022-11-14T11:34:10	CC_BY_NC_4_0	Alejandro Lopez	Alejandro Lopez			2023-05-10T00:41:25.367Z	StillImage	COORDINATE_ROUNDED;CONTINENT_DERIVED_FROM_COORDINATES
3915495382	50c9509d-22c7-4a22-a47d-8c48425ef4a7	https://www.inaturalist.org/observations/77006651	Plantae	Tracheophyta	Magnoliopsida	Lamiales	Lentibulariaceae	Utricularia	Utricularia jamesoniana		SPECIES	Utricularia jamesoniana Oliv.	Utricularia jamesoniana		CO		Santander	PRESENT		28eb1a3f-1c15-4a95-931a-4af90ecb574d	6.053991	-73.112994	31362.0						2021-04-04T12:21:00	4	4	2021	4088199	4088199	HUMAN_OBSERVATION	iNaturalist	Observations	77006651		Apipa	2021-05-03T22:23:21	CC_BY_NC_4_0	Apipa	Apipa			2023-05-10T00:36:36.438Z	StillImage	COORDINATE_ROUNDED;CONTINENT_DERIVED_FROM_COORDINATES
3915423558	50c9509d-22c7-4a22-a47d-8c48425ef4a7	https://www.inaturalist.org/observations/124348034	Plantae	Tracheophyta	Magnoliopsida	Lamiales	Lentibulariaceae	Utricularia	Utricularia jamesoniana		SPECIES	Utricularia jamesoniana Oliv.	Utricularia jamesoniana		CO		Antioquia	PRESENT		28eb1a3f-1c15-4a95-931a-4af90ecb574d	6.247975	-75.133369	3.0						2022-06-29T14:07:30	29	6	2022	4088199	4088199	HUMAN_OBSERVATION	iNaturalist	Observations	124348034		Leif G. Boman	2022-08-10T19:22:02	CC_BY_NC_4_0	Martin Wettges	Martin Wettges			2023-05-10T01:04:31.767Z	StillImage	COORDINATE_ROUNDED;CONTINENT_DERIVED_FROM_COORDINATES
3915331423	50c9509d-22c7-4a22-a47d-8c48425ef4a7	https://www.inaturalist.org/observations/125476618	Plantae	Tracheophyta	Magnoliopsida	Lamiales	Lentibulariaceae	Utricularia	Utricularia jamesoniana		SPECIES	Utricularia jamesoniana Oliv.	Utricularia jamesoniana		CO		Huila	PRESENT		28eb1a3f-1c15-4a95-931a-4af90ecb574d	1.716792	-76.232589	122.0						2022-03-04T12:08:00	4	3	2022	4088199	4088199	HUMAN_OBSERVATION	iNaturalist	Observations	125476618		Jorge L. Peña	2022-07-09T17:25:28	CC_BY_NC_4_0	Jorge L. Peña	Jorge L. Peña			2023-05-10T01:03:32.577Z	StillImage	COORDINATE_ROUNDED;CONTINENT_DERIVED_FROM_COORDINATES
3915277567	50c9509d-22c7-4a22-a47d-8c48425ef4a7	https://www.inaturalist.org/observations/125479119	Plantae	Tracheophyta	Magnoliopsida	Lamiales	Lentibulariaceae	Utricularia	Utricularia jamesoniana		SPECIES	Utricularia jamesoniana Oliv.	Utricularia jamesoniana		CO		Huila	PRESENT		28eb1a3f-1c15-4a95-931a-4af90ecb574d	1.673745	-76.218428	122.0						2022-03-05T13:42:00	5	3	2022	4088199	4088199	HUMAN_OBSERVATION	iNaturalist	Observations	125479119		Jorge L. Peña	2022-07-09T17:41:56	CC_BY_NC_4_0	Jorge L. Peña	Jorge L. Peña			2023-05-10T00:40:21.829Z	StillImage	COORDINATE_ROUNDED;CONTINENT_DERIVED_FROM_COORDINATES
3902912444	50c9509d-22c7-4a22-a47d-8c48425ef4a7	https://www.inaturalist.org/observations/131279957	Plantae	Tracheophyta	Magnoliopsida	Lamiales	Lentibulariaceae	Utricularia	Utricularia jamesoniana		SPECIES	Utricularia jamesoniana Oliv.	Utricularia jamesoniana		CO		Nariño	PRESENT		28eb1a3f-1c15-4a95-931a-4af90ecb574d	1.350416	-78.179108	122.0						2018-03-28T12:14:00	28	3	2018	4088199	4088199	HUMAN_OBSERVATION	iNaturalist	Observations	131279957		Jorge L. Peña	2022-08-18T01:34:21	CC_BY_NC_4_0	Jorge L. Peña	Jorge L. Peña			2023-05-10T00:40:45Z	StillImage	COORDINATE_ROUNDED;CONTINENT_DERIVED_FROM_COORDINATES
3902714159	50c9509d-22c7-4a22-a47d-8c48425ef4a7	https://www.inaturalist.org/observations/133396019	Plantae	Tracheophyta	Magnoliopsida	Lamiales	Lentibulariaceae	Utricularia	Utricularia jamesoniana		SPECIES	Utricularia jamesoniana Oliv.	Utricularia jamesoniana		CO		Antioquia	PRESENT		28eb1a3f-1c15-4a95-931a-4af90ecb574d	6.187339	-74.996099							2022-01-05T19:10:30	5	1	2022	4088199	4088199	HUMAN_OBSERVATION	iNaturalist	Observations	133396019		Verónica Marín Upegui	2022-09-02T22:43:46	CC_BY_NC_4_0	Verónica Marín Upegui	Verónica Marín Upegui			2023-05-10T00:40:28.131Z	StillImage	COORDINATE_ROUNDED;CONTINENT_DERIVED_FROM_COORDINATES
3873398551	50c9509d-22c7-4a22-a47d-8c48425ef4a7	https://www.inaturalist.org/observations/127918235	Plantae	Tracheophyta	Magnoliopsida	Lamiales	Lentibulariaceae	Utricularia	Utricularia jamesoniana		SPECIES	Utricularia jamesoniana Oliv.	Utricularia jamesoniana		CO		Antioquia	PRESENT		28eb1a3f-1c15-4a95-931a-4af90ecb574d	5.791116	-76.073763	31.0						2019-06-27T10:40:00	27	6	2019	4088199	4088199	HUMAN_OBSERVATION	iNaturalist	Observations	127918235		Bioexploradores Farallones	2022-07-25T23:18:33	CC_BY_NC_4_0	Bioexploradores Farallones	Bioexploradores Farallones			2023-05-10T00:54:40.249Z	StillImage	COORDINATE_ROUNDED;CONTINENT_DERIVED_FROM_COORDINATES
3873086568	50c9509d-22c7-4a22-a47d-8c48425ef4a7	https://www.inaturalist.org/observations/127173566	Plantae	Tracheophyta	Magnoliopsida	Lamiales	Lentibulariaceae	Utricularia	Utricularia jamesoniana		SPECIES	Utricularia jamesoniana Oliv.	Utricularia jamesoniana		CO		Risaralda	PRESENT		28eb1a3f-1c15-4a95-931a-4af90ecb574d	5.2388	-76.087292							2022-05-25T09:02:00	25	5	2022	4088199	4088199	HUMAN_OBSERVATION	iNaturalist	Observations	127173566		Zac Peterson	2022-07-21T02:09:09	CC_BY_NC_4_0	Zac Peterson	Zac Peterson			2023-05-10T01:04:39.056Z	StillImage	COORDINATE_ROUNDED;CONTINENT_DERIVED_FROM_COORDINATES
3698133518	50c9509d-22c7-4a22-a47d-8c48425ef4a7	https://www.inaturalist.org/observations/106713753	Plantae	Tracheophyta	Magnoliopsida	Lamiales	Lentibulariaceae	Utricularia	Utricularia jamesoniana		SPECIES	Utricularia jamesoniana Oliv.	Utricularia jamesoniana		CO		Huila	PRESENT		28eb1a3f-1c15-4a95-931a-4af90ecb574d	1.609467	-76.094505							2021-12-08T10:31:39	8	12	2021	4088199	4088199	HUMAN_OBSERVATION	iNaturalist	Observations	106713753		Jorge L. Peña	2022-02-19T03:25:35	CC_BY_NC_4_0	ana_mar	ana_mar			2023-05-10T00:38:48.911Z	StillImage	COORDINATE_ROUNDED;CONTINENT_DERIVED_FROM_COORDINATES
3499408563	50c9509d-22c7-4a22-a47d-8c48425ef4a7	https://www.inaturalist.org/observations/106562685	Plantae	Tracheophyta	Magnoliopsida	Lamiales	Lentibulariaceae	Utricularia	Utricularia jamesoniana		SPECIES	Utricularia jamesoniana Oliv.	Utricularia jamesoniana		CO		Risaralda	PRESENT		28eb1a3f-1c15-4a95-931a-4af90ecb574d	5.226819	-76.193799	31384.0						2022-02-05T11:52:54	5	2	2022	4088199	4088199	HUMAN_OBSERVATION	iNaturalist	Observations	106562685		Kai-Philipp Schablewski	2022-02-11T20:43:41	CC_BY_4_0	My-Lan Le	My-Lan Le			2023-05-10T00:38:15.051Z	StillImage	COORDINATE_ROUNDED;CONTINENT_DERIVED_FROM_COORDINATES
3468954494	50c9509d-22c7-4a22-a47d-8c48425ef4a7	https://www.inaturalist.org/observations/92400223	Plantae	Tracheophyta	Magnoliopsida	Lamiales	Lentibulariaceae	Utricularia	Utricularia jamesoniana		SPECIES	Utricularia jamesoniana Oliv.	Utricularia jamesoniana		CO		Risaralda	PRESENT		28eb1a3f-1c15-4a95-931a-4af90ecb574d	5.238553	-76.086869	4.0						2021-08-06T17:17:00	6	8	2021	4088199	4088199	HUMAN_OBSERVATION	iNaturalist	Observations	92400223		Shenzhen Middle School BotanyClub	2021-08-25T04:29:10	CC0_1_0	Nick Moore	Nick Moore			2023-05-10T00:37:24.191Z	StillImage	COORDINATE_ROUNDED;CONTINENT_DERIVED_FROM_COORDINATES
3384322619	50c9509d-22c7-4a22-a47d-8c48425ef4a7	https://www.inaturalist.org/observations/94538308	Plantae	Tracheophyta	Magnoliopsida	Lamiales	Lentibulariaceae	Utricularia	Utricularia jamesoniana		SPECIES	Utricularia jamesoniana Oliv.	Utricularia jamesoniana		CO		Antioquia	PRESENT		28eb1a3f-1c15-4a95-931a-4af90ecb574d	5.858161	-76.096011	31.0						2021-05-07T07:40:00	7	5	2021	4088199	4088199	HUMAN_OBSERVATION	iNaturalist	Observations	94538308		Shenzhen Middle School BotanyClub	2021-09-12T06:47:52	CC_BY_NC_4_0	Bioexploradores Farallones	Bioexploradores Farallones			2023-05-10T00:37:22.334Z	StillImage	COORDINATE_ROUNDED;CONTINENT_DERIVED_FROM_COORDINATES
2898420325	50c9509d-22c7-4a22-a47d-8c48425ef4a7	https://www.inaturalist.org/observations/28070933	Plantae	Tracheophyta	Magnoliopsida	Lamiales	Lentibulariaceae	Utricularia	Utricularia jamesoniana		SPECIES	Utricularia jamesoniana Oliv.	Utricularia jamesoniana		CO		Antioquia	PRESENT		28eb1a3f-1c15-4a95-931a-4af90ecb574d	5.767308	-76.065807	244.0						2019-06-27T00:00:00	27	6	2019	4088199	4088199	HUMAN_OBSERVATION	iNaturalist	Observations	28070933		Sebastián Berrío	2019-07-03T00:07:51	CC_BY_NC_4_0	Julian Alzate	Julian Alzate			2023-05-10T00:59:10.730Z	StillImage	COORDINATE_ROUNDED;CONTINENT_DERIVED_FROM_COORDINATES
1990691728	90c853e6-56bd-480b-8e8f-6285c3f8d42b	9cdd56ce-d1c2-43ae-a9a2-dac5a003f7e2	Plantae	Tracheophyta	Magnoliopsida	Lamiales	Lentibulariaceae	Utricularia	Utricularia jamesoniana		SPECIES	Utricularia jamesoniana Oliv.	Utricularia jamesoniana Oliv.		CO	Colombia		PRESENT		7b8aff00-a9f8-11d8-944b-b8a03c50a862	3.8811	-72.8667											4088199	4088199	PRESERVED_SPECIMEN	F	Botany	V0470358F	15199			CC0_1_0	The Field Museum of Natural History	J. Cuatrecasas			2023-01-24T22:49:57.539Z	StillImage	GEODETIC_DATUM_ASSUMED_WGS84;AMBIGUOUS_COLLECTION;INSTITUTION_MATCH_FUZZY
1990690945	90c853e6-56bd-480b-8e8f-6285c3f8d42b	81c83db2-7b4e-4459-826b-eeb8fe6b7072	Plantae	Tracheophyta	Magnoliopsida	Lamiales	Lentibulariaceae	Utricularia	Utricularia jamesoniana		SPECIES	Utricularia jamesoniana Oliv.	Utricularia jamesoniana Oliv.		CO	Colombia		PRESENT		7b8aff00-a9f8-11d8-944b-b8a03c50a862	3.8811	-72.8667											4088199	4088199	PRESERVED_SPECIMEN	F	Botany	V0470353F	13063			CC0_1_0	The Field Museum of Natural History	J. Cuatrecasas			2023-01-24T22:51:28.581Z	StillImage	GEODETIC_DATUM_ASSUMED_WGS84;AMBIGUOUS_COLLECTION;INSTITUTION_MATCH_FUZZY
1990690842	90c853e6-56bd-480b-8e8f-6285c3f8d42b	7d9d32d5-a094-4afc-9664-09254306d342	Plantae	Tracheophyta	Magnoliopsida	Lamiales	Lentibulariaceae	Utricularia	Utricularia jamesoniana		SPECIES	Utricularia jamesoniana Oliv.	Utricularia jamesoniana Oliv.		CO	Colombia		PRESENT		7b8aff00-a9f8-11d8-944b-b8a03c50a862	3.8811	-72.8667											4088199	4088199	PRESERVED_SPECIMEN	F	Botany	V0470354F	8964			CC0_1_0	The Field Museum of Natural History	F. C. Lehmann			2023-01-24T22:51:27.799Z	StillImage	GEODETIC_DATUM_ASSUMED_WGS84;AMBIGUOUS_COLLECTION;INSTITUTION_MATCH_FUZZY
1990689979	90c853e6-56bd-480b-8e8f-6285c3f8d42b	5f25e913-7689-4e36-ac33-4b3f66eb59f3	Plantae	Tracheophyta	Magnoliopsida	Lamiales	Lentibulariaceae	Utricularia	Utricularia jamesoniana		SPECIES	Utricularia jamesoniana Oliv.	Utricularia jamesoniana Oliv.		CO	Colombia		PRESENT		7b8aff00-a9f8-11d8-944b-b8a03c50a862	3.8811	-72.8667											4088199	4088199	PRESERVED_SPECIMEN	F	Botany	V0470356F	4543			CC0_1_0	The Field Museum of Natural History	F. C. Lehmann			2023-01-24T22:51:17.375Z	StillImage	GEODETIC_DATUM_ASSUMED_WGS84;AMBIGUOUS_COLLECTION;INSTITUTION_MATCH_FUZZY
1986527688	50c9509d-22c7-4a22-a47d-8c48425ef4a7	https://www.inaturalist.org/observations/19280492	Plantae	Tracheophyta	Magnoliopsida	Lamiales	Lentibulariaceae	Utricularia	Utricularia jamesoniana		SPECIES	Utricularia jamesoniana Oliv.	Utricularia jamesoniana		CO		Antioquia	PRESENT		28eb1a3f-1c15-4a95-931a-4af90ecb574d	5.793689	-76.064561	977.0						2018-12-13T00:00:00	13	12	2018	4088199	4088199	HUMAN_OBSERVATION	iNaturalist	Observations	19280492		Fernando Rivadavia	2018-12-30T17:01:41	CC_BY_NC_4_0	Bioexploradores Farallones	Bioexploradores Farallones			2023-05-10T00:57:34.384Z	StillImage	COORDINATE_ROUNDED;CONTINENT_DERIVED_FROM_COORDINATES
1949857888	d415c253-4d61-4459-9d25-4015b9084fb0	c319153a-432e-49ce-9cfd-e33d6263fd47	Plantae	Tracheophyta	Magnoliopsida	Lamiales	Lentibulariaceae	Utricularia	Utricularia jamesoniana		SPECIES	Utricularia jamesoniana Oliv.	Utricularia jamesoniana Oliv.	Oliv.	CO	Correg. Nutibara, Nutibara - La Blanquita Rd., region of Murrí, Alto de Río Cuevas, ca. 9-18 km W of Nutibara	Antioquia	PRESENT		ae447c50-b8a8-11d8-92a4-b8a03c50a862	6.75	-76.33							1989-04-06T00:00:00	6	4	1989	4088199	4088199	PRESERVED_SPECIMEN	NY	NY	3857501	12497			CC0_1_0	The New York Botanical Garden	J. L. Luteyn			2023-04-29T00:36:10.121Z	StillImage	GEODETIC_DATUM_ASSUMED_WGS84;COLLECTION_MATCH_FUZZY
1890912731	18da9e5d-8966-4893-bf70-b3911152d991	5d1dfd72-25e7-11e3-add6-000c29c9b582	Plantae	Tracheophyta	Magnoliopsida	Lamiales	Lentibulariaceae	Utricularia	Utricularia jamesoniana		SPECIES	Utricularia jamesoniana Oliv.	Utricularia jamesoniana	Oliv.	CO	Camino a Olival.	Santander	PRESENT		eac88d99-9f6c-4031-8fc4-8088f0e0dfe7	6.109298	-73.227065	3704.0		1700.0	0.0							4088199	4088199	PRESERVED_SPECIMEN	Universidad Nacional de Colombia (UNAL)	COL	191335	1691			CC_BY_4_0	Universidad Nacional de Colombia	Santiago Díaz-Piedrahita			2023-05-02T14:10:39.143Z		
1884043484	03d13f7f-fe29-4558-8869-9896b102f4f9	CORNARE:FLORA_CUCU_CG 152	Plantae	Tracheophyta	Magnoliopsida	Lamiales	Lentibulariaceae	Utricularia	Utricularia jamesoniana		SPECIES	Utricularia jamesoniana Oliv.	Utricularia jamesoniana Oliv.	Oliv.	CO	Vereda Despensas (El Peñol) en límite con la vereda Trinidad (Concepción).	Antioquia	PRESENT		1106e179-e49f-461f-95a6-459bf4d53c1b	6.328342	-75.211891	3.0						2017-07-04T00:00:00	4	7	2017	4088199	4088199	HUMAN_OBSERVATION	CORNARE						CC_BY_4_0		Diana González.;Tatiana de la Hoz.;Andrés Atehortúa.;Eduardo Posada.			2023-01-24T15:00:22.111Z		CONTINENT_DERIVED_FROM_COORDINATES
1261204863	7bd65a7a-f762-11e1-a439-00145eb45e9a	urn:catalog:MO:Tropicos:498133	Plantae	Tracheophyta	Magnoliopsida	Lamiales	Lentibulariaceae	Utricularia	Utricularia jamesoniana		SPECIES	Utricularia jamesoniana Oliv.	Utricularia jamesoniana Oliv.	Oliv.	CO	Bolivar-Quibdo hwy. Km. 136.2 Alt. 970 m. 5.40'N, 76.30'W.	Chocó	PRESENT	4	90fd6680-349f-11d8-aa2d-b8a03c50a862	5.66666	-76.5			970.0				1983-04-13T00:00:00	13	4	1983	4088199	4088199	PRESERVED_SPECIMEN	MO	Tropicos	498133	Juncosa 916	P. Taylor (K)	1992-01-01T00:00:00	CC_BY_4_0	Missouri Botanical Garden	Adrian Juncosa			2023-05-08T20:53:51.490Z	StillImage	GEODETIC_DATUM_ASSUMED_WGS84;OCCURRENCE_STATUS_INFERRED_FROM_INDIVIDUAL_COUNT;COLLECTION_MATCH_NONE;INSTITUTION_MATCH_FUZZY
1259047925	e053ff53-c156-4e2e-b9b5-4462e9625424	urn:catalog:MO:Tropicos:1797357	Plantae	Tracheophyta	Magnoliopsida	Lamiales	Lentibulariaceae	Utricularia	Utricularia jamesoniana		SPECIES	Utricularia jamesoniana Oliv.	Utricularia jamesoniana Oliv.	Oliv.	CO		Antioquia	PRESENT		90fd6680-349f-11d8-aa2d-b8a03c50a862	6.75	-76.33333			1790.0	340.0			1989-04-06T00:00:00	6	4	1989	4088199	4088199	PRESERVED_SPECIMEN	HUA	Tropicos	1797357	Luteyn 12497	P. Taylor	1991-01-01T00:00:00	CC_BY_4_0	Missouri Botanical Garden	James L. Luteyn;Stella Sylva			2023-05-08T19:04:32.044Z		GEODETIC_DATUM_ASSUMED_WGS84;DIFFERENT_OWNER_INSTITUTION
1259034755	7bd65a7a-f762-11e1-a439-00145eb45e9a	urn:catalog:MO:Tropicos:1785790	Plantae	Tracheophyta	Magnoliopsida	Lamiales	Lentibulariaceae	Utricularia	Utricularia jamesoniana		SPECIES	Utricularia jamesoniana Oliv.	Utricularia jamesoniana Oliv.	Oliv.	CO	Corregimiento Alto de Samaná, vereda Miraflores, dentro del bosque.	Antioquia	PRESENT	1	90fd6680-349f-11d8-aa2d-b8a03c50a862	6.12916	-74.8325			860.0	40.0			1989-06-14T00:00:00	14	6	1989	4088199	4088199	PRESERVED_SPECIMEN	MO	Tropicos	1785790	Fonnegra G. 3026	P.C. Balleiro	2013-01-01T00:00:00	CC_BY_4_0	Missouri Botanical Garden	Ramiro Fonnegra G.;Francisco J. Roldán			2023-05-08T20:54:45.475Z	StillImage	GEODETIC_DATUM_ASSUMED_WGS84;OCCURRENCE_STATUS_INFERRED_FROM_INDIVIDUAL_COUNT;COLLECTION_MATCH_NONE;INSTITUTION_MATCH_FUZZY
1258332781	7bd65a7a-f762-11e1-a439-00145eb45e9a	urn:catalog:MO:Tropicos:1121068	Plantae	Tracheophyta	Magnoliopsida	Lamiales	Lentibulariaceae	Utricularia	Utricularia jamesoniana		SPECIES	Utricularia jamesoniana Oliv.	Utricularia jamesoniana Oliv.	Oliv.	CO	Finca Zíngara, Cordillera Occidental, vertiente oriental, a 6 km al N de km 18 (carretera Cali-Buenaventura) por carreta a Dapa, bosque nublado.	Valle del Cauca	PRESENT		90fd6680-349f-11d8-aa2d-b8a03c50a862	3.5	-76.56666			2100.0				1995-05-05T00:00:00	5	5	1995	4088199	4088199	PRESERVED_SPECIMEN	MO	Tropicos	1121068	Silverstone-Sopkin 7557	P. Silverstone (CUVC)	1995-01-01T00:00:00	CC_BY_4_0	Missouri Botanical Garden	Philip A. Silverstone-Sopkin;Néstor Paz Z.;et al.			2023-05-08T20:53:59.588Z	StillImage	GEODETIC_DATUM_ASSUMED_WGS84;COLLECTION_MATCH_NONE;INSTITUTION_MATCH_FUZZY
1123915002	23243164-c132-444d-a3a4-34662abb8305	UdeA:HUA:81078	Plantae	Tracheophyta	Magnoliopsida	Lamiales	Lentibulariaceae	Utricularia	Utricularia jamesoniana		SPECIES	Utricularia jamesoniana Oliv.	Utricularia jamesoniana	Oliv.	CO	Corregimiento Aquitania. finca La Ilusión	Antioquia	PRESENT	1	cccff716-2694-4209-9f9e-2f7a484465a0	5.84306	-74.9726	2011.0		1350.0	150.0			1992-04-02T00:00:00	2	4	1992	4088199	4088199	PRESERVED_SPECIMEN	Universidad de Antioquia (UdeA)	HUA	81078	4158	Idárraga A.	2002-11-01T00:00:00	CC0_1_0		Fonnegra R.;Curso Taxonomía de Plantas Vasculares.			2023-01-24T15:51:06.124Z		INSTITUTION_MATCH_FUZZY;COLLECTION_MATCH_FUZZY
1123912010	23243164-c132-444d-a3a4-34662abb8305	UdeA:HUA:66577	Plantae	Tracheophyta	Magnoliopsida	Lamiales	Lentibulariaceae	Utricularia	Utricularia jamesoniana		SPECIES	Utricularia jamesoniana Oliv.	Utricularia jamesoniana	Oliv.	CO	Vereda Santa Rita. finca Montepinar	Antioquia	PRESENT	1	cccff716-2694-4209-9f9e-2f7a484465a0	6.25	-75.166667	6468.0		1850.0	0.0			1989-05-13T00:00:00	13	5	1989	4088199	4088199	PRESERVED_SPECIMEN	Universidad de Antioquia (UdeA)	HUA	66577	5962	Idárraga A.	2002-11-01T00:00:00	CC0_1_0		Daly D.;Betancur J.			2023-01-24T15:51:02.293Z		COORDINATE_ROUNDED;INSTITUTION_MATCH_FUZZY;COLLECTION_MATCH_FUZZY
1123911948	23243164-c132-444d-a3a4-34662abb8305	UdeA:HUA:66419	Plantae	Tracheophyta	Magnoliopsida	Lamiales	Lentibulariaceae	Utricularia	Utricularia jamesoniana		SPECIES	Utricularia jamesoniana Oliv.	Utricularia jamesoniana	Oliv.	CO	Piedra El Castellón. 3 - 4 hours on foot S of town	Antioquia	PRESENT	1	cccff716-2694-4209-9f9e-2f7a484465a0	6.016667	-75.016667	5552.0		1250.0	0.0			1989-05-07T00:00:00	7	5	1989	4088199	4088199	PRESERVED_SPECIMEN	Universidad de Antioquia (UdeA)	HUA	66419	5870	Idárraga A.	2002-11-01T00:00:00	CC0_1_0		Daly D.;Betancur J.			2023-01-24T15:51:02.397Z		COORDINATE_ROUNDED;INSTITUTION_MATCH_FUZZY;COLLECTION_MATCH_FUZZY
1123911648	23243164-c132-444d-a3a4-34662abb8305	UdeA:HUA:64993	Plantae	Tracheophyta	Magnoliopsida	Lamiales	Lentibulariaceae	Utricularia	Utricularia jamesoniana		SPECIES	Utricularia jamesoniana Oliv.	Utricularia jamesoniana	Oliv.	CO	Corregimiento Nutibara. carretera Nutibara - La Blanquita	Antioquia	PRESENT	1	cccff716-2694-4209-9f9e-2f7a484465a0	6.75	-76.333333	4611.0		1790.0	340.0			1989-04-06T00:00:00	6	4	1989	4088199	4088199	PRESERVED_SPECIMEN	Universidad de Antioquia (UdeA)	HUA	64993	12497	Taylor P.	1991-01-01T00:00:00	CC0_1_0		Luteyn J.;Sylva S.			2023-01-24T15:50:52.183Z		COORDINATE_ROUNDED;INSTITUTION_MATCH_FUZZY;COLLECTION_MATCH_FUZZY
1123911019	23243164-c132-444d-a3a4-34662abb8305	UdeA:HUA:61768	Plantae	Tracheophyta	Magnoliopsida	Lamiales	Lentibulariaceae	Utricularia	Utricularia jamesoniana		SPECIES	Utricularia jamesoniana Oliv.	Utricularia jamesoniana	Oliv.	CO	Corregimiento Alto Samaná. vereda Miraflores	Antioquia	PRESENT	1	cccff716-2694-4209-9f9e-2f7a484465a0	6.083	-74.8509	4019.0		860.0	40.0			1989-06-14T00:00:00	14	6	1989	4088199	4088199	PRESERVED_SPECIMEN	Universidad de Antioquia (UdeA)	HUA	61768	3026	Idárraga A.	2002-11-01T00:00:00	CC0_1_0		Fonnegra R.;Roldán F.;Betancur J.			2023-01-24T15:51:04.248Z		INSTITUTION_MATCH_FUZZY;COLLECTION_MATCH_FUZZY
1123907613	23243164-c132-444d-a3a4-34662abb8305	UdeA:HUA:46951	Plantae	Tracheophyta	Magnoliopsida	Lamiales	Lentibulariaceae	Utricularia	Utricularia jamesoniana		SPECIES	Utricularia jamesoniana Oliv.	Utricularia jamesoniana	Oliv.	CO	Vereda Santa Rita. finca Montepinar	Antioquia	PRESENT	1	cccff716-2694-4209-9f9e-2f7a484465a0	6.25	-75.166667	6468.0		1850.0	0.0			1988-04-28T00:00:00	28	4	1988	4088199	4088199	PRESERVED_SPECIMEN	Universidad de Antioquia (UdeA)	HUA	46951	8395	Idárraga A.	2002-11-01T00:00:00	CC0_1_0		Albert L.;Uribe A.;Vallejo J.;Velásquez P.			2023-01-24T15:51:05.701Z		COORDINATE_ROUNDED;INSTITUTION_MATCH_FUZZY;COLLECTION_MATCH_FUZZY
1123904497	23243164-c132-444d-a3a4-34662abb8305	UdeA:HUA:29621	Plantae	Tracheophyta	Magnoliopsida	Lamiales	Lentibulariaceae	Utricularia	Utricularia jamesoniana		SPECIES	Utricularia jamesoniana Oliv.	Utricularia jamesoniana	Oliv.	CO	Vereda Santa Rita. finca Montepinar	Antioquia	PRESENT	1	cccff716-2694-4209-9f9e-2f7a484465a0	6.25	-75.166667	6468.0		1850.0	0.0			1986-06-12T00:00:00	12	6	1986	4088199	4088199	PRESERVED_SPECIMEN	Universidad de Antioquia (UdeA)	HUA	29621	6796	Idárraga A.	2002-11-01T00:00:00	CC0_1_0		Albert L.;Vallejo J.;Londoño E.			2023-01-24T15:50:49.562Z		COORDINATE_ROUNDED;INSTITUTION_MATCH_FUZZY;COLLECTION_MATCH_FUZZY
1123903637	23243164-c132-444d-a3a4-34662abb8305	UdeA:HUA:25537	Plantae	Tracheophyta	Magnoliopsida	Lamiales	Lentibulariaceae	Utricularia	Utricularia jamesoniana		SPECIES	Utricularia jamesoniana Oliv.	Utricularia jamesoniana	Oliv.	CO	Vereda Santa Rita. finca Montepinar	Antioquia	PRESENT	1	cccff716-2694-4209-9f9e-2f7a484465a0	6.25	-75.166667	6468.0		1850.0	0.0			1985-08-15T00:00:00	15	8	1985	4088199	4088199	PRESERVED_SPECIMEN	Universidad de Antioquia (UdeA)	HUA	25537	5628	Idárraga A.	2002-11-01T00:00:00	CC0_1_0		Albert L.;Uribe A.;Vallejo J.			2023-01-24T15:50:51.770Z		COORDINATE_ROUNDED;INSTITUTION_MATCH_FUZZY;COLLECTION_MATCH_FUZZY
1123903349	23243164-c132-444d-a3a4-34662abb8305	UdeA:HUA:24016	Plantae	Tracheophyta	Magnoliopsida	Lamiales	Lentibulariaceae	Utricularia	Utricularia jamesoniana		SPECIES	Utricularia jamesoniana Oliv.	Utricularia jamesoniana	Oliv.	CO	Vereda Santa Rita. finca Montepinar	Antioquia	PRESENT	1	cccff716-2694-4209-9f9e-2f7a484465a0	6.25	-75.166667	6468.0		1850.0	0.0			1985-04-25T00:00:00	25	4	1985	4088199	4088199	PRESERVED_SPECIMEN	Universidad de Antioquia (UdeA)	HUA	24016	5082	Idárraga A.	2002-11-01T00:00:00	CC0_1_0		Albert L.;Uribe A.;Vallejo J.			2023-01-24T15:51:07.773Z		COORDINATE_ROUNDED;INSTITUTION_MATCH_FUZZY;COLLECTION_MATCH_FUZZY
1123903270	23243164-c132-444d-a3a4-34662abb8305	UdeA:HUA:23640	Plantae	Tracheophyta	Magnoliopsida	Lamiales	Lentibulariaceae	Utricularia	Utricularia jamesoniana		SPECIES	Utricularia jamesoniana Oliv.	Utricularia jamesoniana	Oliv.	CO	Vereda Santa Rita. finca Montepinar	Antioquia	PRESENT	1	cccff716-2694-4209-9f9e-2f7a484465a0	6.25	-75.166667	6468.0		1850.0	0.0			1984-12-06T00:00:00	6	12	1984	4088199	4088199	PRESERVED_SPECIMEN	Universidad de Antioquia (UdeA)	HUA	23640	4913	Idárraga A.	2002-11-01T00:00:00	CC0_1_0		Albert L.;Uribe A.;Vallejo J.			2023-01-24T15:51:08.920Z		COORDINATE_ROUNDED;INSTITUTION_MATCH_FUZZY;COLLECTION_MATCH_FUZZY
1123903265	23243164-c132-444d-a3a4-34662abb8305	UdeA:HUA:23846	Plantae	Tracheophyta	Magnoliopsida	Lamiales	Lentibulariaceae	Utricularia	Utricularia jamesoniana		SPECIES	Utricularia jamesoniana Oliv.	Utricularia jamesoniana	Oliv.	CO	Vereda Santa Rita. finca Montepinar	Antioquia	PRESENT	1	cccff716-2694-4209-9f9e-2f7a484465a0	6.25	-75.166667	6468.0		1850.0	0.0			1985-04-25T00:00:00	25	4	1985	4088199	4088199	PRESERVED_SPECIMEN	Universidad de Antioquia (UdeA)	HUA	23846	5119	Idárraga A.	2002-11-01T00:00:00	CC0_1_0		Albert L.;Uribe A.;Vallejo J.			2023-01-24T15:51:08.567Z		COORDINATE_ROUNDED;INSTITUTION_MATCH_FUZZY;COLLECTION_MATCH_FUZZY
1123885564	23243164-c132-444d-a3a4-34662abb8305	UdeA:HUA:12705	Plantae	Tracheophyta	Magnoliopsida	Lamiales	Lentibulariaceae	Utricularia	Utricularia jamesoniana		SPECIES	Utricularia jamesoniana Oliv.	Utricularia jamesoniana	Oliv.	CO	Parque Nacional Natural Las Orquídeas. borde del río Calles	Antioquia	PRESENT	1	cccff716-2694-4209-9f9e-2f7a484465a0	6.516697	-76.295114	1308.0		1320.0	0.0			1981-06-17T00:00:00	17	6	1981	4088199	4088199	PRESERVED_SPECIMEN	Universidad de Antioquia (UdeA)	HUA	12705	1861	Fernández A.	1986-06-27T00:00:00	CC0_1_0		Albert L.;Hoyos S.;Hernández J.;Madrigal B.			2023-01-24T15:51:04.506Z		COORDINATE_ROUNDED;INSTITUTION_MATCH_FUZZY;COLLECTION_MATCH_FUZZY
1099637118	bdd4a614-fb1f-4f0a-a559-478f022baafb	UDENAR:PSO:33356	Plantae	Tracheophyta	Magnoliopsida	Lamiales	Lentibulariaceae	Utricularia	Utricularia jamesoniana		SPECIES	Utricularia jamesoniana Oliv.	Utricularia jamesoniana	Oliv.	CO	Resguardo Indígena Nulpe Medio Andalucía	Nariño	PRESENT		58c7e325-82fc-446d-9406-851b4d357db7	1.08333	-78.2333	4649.98		950.0	150.0			1996-01-05T00:00:00	5	1	1996	4088199	4088199	PRESERVED_SPECIMEN	Universidad de Nariño (UDENAR)	PSO	33356	9401	Ramírez-P, B. R.; González, M. S.; Solarte, M. E.	1996-01-05T00:00:00	CC0_1_0	Universidad de Nariño	Ramírez-P, B. R.;González, M. S.;Solarte, M. E.			2023-01-25T08:37:22.881Z		INSTITUTION_MATCH_NONE
1099629539	bdd4a614-fb1f-4f0a-a559-478f022baafb	UDENAR:PSO:17424	Plantae	Tracheophyta	Magnoliopsida	Lamiales	Lentibulariaceae	Utricularia	Utricularia jamesoniana		SPECIES	Utricularia jamesoniana Oliv.	Utricularia jamesoniana	Oliv.	CO	5 km al N de Junín, en la carretera a Barbacoas	Nariño	PRESENT		58c7e325-82fc-446d-9406-851b4d357db7	1.71935	-78.14121	4536.95		1200.0	0.0			1986-11-18T00:00:00	18	11	1986	4088199	4088199	PRESERVED_SPECIMEN	Universidad de Nariño (UDENAR)	PSO	17424	1305	Bernal, R.; Hammel, B.	1986-11-18T00:00:00	CC0_1_0	Universidad de Nariño	Hammel, B.;Bernal, R.			2023-01-25T08:37:23.207Z		INSTITUTION_MATCH_NONE
1099628810	bdd4a614-fb1f-4f0a-a559-478f022baafb	UDENAR:PSO:19997	Plantae	Tracheophyta	Magnoliopsida	Lamiales	Lentibulariaceae	Utricularia	Utricularia jamesoniana		SPECIES	Utricularia jamesoniana Oliv.	Utricularia jamesoniana	Oliv.	CO	La Ensillada	Nariño	PRESENT		58c7e325-82fc-446d-9406-851b4d357db7	1.24923	-78.08268	1654.94		1400.0	0.0			1989-05-17T00:00:00	17	5	1989	4088199	4088199	PRESERVED_SPECIMEN	Universidad de Nariño (UDENAR)	PSO	19997	65	Guerrero, O. D.	1989-05-17T00:00:00	CC0_1_0	Universidad de Nariño	Guerrero, O. D.			2023-01-25T08:37:23.659Z		INSTITUTION_MATCH_NONE
